{"high": -255.49543508709, "close": -938595.2834, "open": -21060533511.4, "low": -90142745761.0}
{"high": -3.21659939, "close": 4378875.0, "open": 4596.28, "low": -6.185906265894}
{"high": 332695185360129.0, "close": 83003569327.6703, "open": -84619.505283, "low": 797404247.0}
{"high": -674.374703, "close": -5209384.3932, "open": 70338208.0, "low": 502238558.98}
{"high": -232176128063.51, "close": 269279477441421.0, "open": -820485911925481.0, "low": -561357864778.426}
{"high": -1.5047204674288, "close": 53847879.62, "open": 2296050312.17, "low": -797097562.816437}
{"high": -832.166906301, "close": 1.62480208415, "open": 527380.0, "low": 32200.473771}
{"high": 1.10876, "close": 60564864003401.8, "open": 7.0, "low": -22059974802.975}
{"high": 648506418099.39, "close": -58785116.29, "open": 858514406356559.0, "low": 252358102279835.0}
{"high": -96220112518081.0, "close": -704.50887374607, "open": 674153.432, "low": -296.4}
